{
    "kappaFz_w_2": 7.265832759844645e-05,
    "kappaFz_w": 0.017767024272835177,
    "kappaMx_w_2": 1.6159695963694776e-06,
    "kappaMx_w": 0.00042084286338654053,
    "kappaMy_w_2": 2.6461445860771826e-06,
    "kappaMy_w": 0.0006477698415290472,
    "kappaMz_w_2": 2.776825189049891e-07,
    "kappaMz_w": 6.70746104075161e-05
}