{
    "taus": {
        "w1": 0.02245736018767017,
        "w2": 0.021660250804951608,
        "w3": 0.024165886096391198,
        "w4": 0.02320611951632946
    }
}