{
    "kappaFz_w_2": 6.665373922686807e-05,
    "kappaFz_w": 0.015791852146166678,
    "kappaMx_w_2": 1.5917601677704808e-06,
    "kappaMx_w": 0.00041568578824692607,
    "kappaMy_w_2": 1.167337497235679e-06,
    "kappaMy_w": 0.0002804746123034313,
    "kappaMz_w_2": 2.6841388132284677e-07,
    "kappaMz_w": 6.465443461361218e-05
}