{
    "taus": {
        "w1": 0.016255259574248438,
        "w2": 0.01711225621960171,
        "w3": 0.01652248050638857,
        "w4": 0.017316807611669458
    }
}